"screen_id","png_filename_future","screen_name","state","qa","image_status"
"UI01","UI01_NO_PROJECT.png","Panel awal","NO_PROJECT","Header host belum diperiksa; tiga pilihan file kosong; tombol tidak aktif","NOT_GENERATED"
"UI02","UI02_FILES_SELECTED.png","Berkas dipilih","FILES_SELECTED","JSON dan media masih belum divalidasi","NOT_GENERATED"
"UI03","UI03_READY.png","Preflight siap","READY","Assembly aktif hanya jika seluruh preflight lulus","NOT_GENERATED"
"UI04","UI04_NEEDS_REVIEW.png","Review bukti SRT","NEEDS_REVIEW","Jangan mengarang timestamp kata","NOT_GENERATED"
"UI05","UI05_PREFLIGHT_FAIL.png","File PNG hilang","PREFLIGHT_FAIL","Missing file memblokir assembly tanpa dummy","NOT_GENERATED"
"UI06","UI06_SCENE_INSPECTOR.png","Inspektor scene DOUBLE","FILES_SELECTED","Timing/preset read-only dari JSON terpisah","NOT_GENERATED"
"UI07","UI07_ANIMATION_REGISTRY.png","Registry 21 efek","FILES_SELECTED","MEDIUM awal; FAST/SLOW menunggu kalibrasi","NOT_GENERATED"
"UI08","UI08_ASSEMBLY_CONFIRM.png","Konfirmasi sequence baru","READY","Jangan overwrite sequence lama","NOT_GENERATED"
"UI09","UI09_ASSEMBLING.png","Progress assembly","ASSEMBLING","Cegah pekerjaan ganda dan simpan log","NOT_GENERATED"
"UI10","UI10_ASSEMBLED.png","Laporan selesai","ASSEMBLED","Edit manual dan ekspor dilakukan di Premiere","NOT_GENERATED"
"UI11","UI11_INCOMPLETE.png","Error parsial dan perbaikan","INCOMPLETE","Jangan hapus cache/sequence tanpa izin","NOT_GENERATED"
"UI12","UI12_HOST_UNSUPPORTED.png","Versi Premiere tidak didukung","NO_PROJECT","Host 25.x tidak boleh diperlakukan sebagai PPRO 24.x","NOT_GENERATED"
