"screen_id","found_in_chat","qa_status","original_dimensions","sha256","finding","repair"
"UI01","YES_NOT_UPLOADED_TO_GITHUB","SESUAI","1672x941","916392c7ceffe140bb68b5f1350aacf5703ea748508c0a1bc4ad28b71025d679","Panel awal kosong, host belum diperiksa, assembly disabled",""
"UI02","YES_NOT_UPLOADED_TO_GITHUB","CATATAN","1672x941","aafe96dc280babdcf222f049c3152ec5fa2d0608ebf9e92643dc0e6e8824b6e4","Indikator centang berpotensi tampak seperti file tervalidasi","Ganti status menjadi Dipilih / Belum divalidasi"
"UI03","YES_NOT_UPLOADED_TO_GITHUB","REVISI_WAJIB","1672x941","0c23358031ade3360284625dd5ac3152289d46a52d131230f3c656db367a0b61","READY tapi Host belum diperiksa dan BOTH disalahartikan output video+animasi","Tampilkan host sudah diverifikasi secara simulasi; BOTH berarti animasi IN+OUT"
"UI04","YES_NOT_UPLOADED_TO_GITHUB","REVISI_TERARAH","1672x941","0a13f359e06f74c4d3ebdbf7167be4d0a89f8d9a459c7f03f57832b86ee6a887","Contoh cue SRT 1:12/3:45 tidak masuk timeline DEMO_001 yang 11 detik","Gunakan cue contoh di 0-11 detik atau beri ID proyek lain"
"UI05","YES_NOT_UPLOADED_TO_GITHUB","CATATAN","1672x941","db1981520f1f6461248e32db5ab4de2af04f73ef467562c7c66ba8986f97d50e","A004 dan B001 muncul sebagai media demo padahal project summary 3 asset occurrences","Konsistenkan daftar file dengan DEMO_001"
"UI06","YES_NOT_UPLOADED_TO_GITHUB","SESUAI","1672x941","5c366ab0b287c23fad05ac778054f59fa82d54f9ddaa217666348c8d6c37f498","V002 DOUBLE A002 PAN dan A003 WIPE dalam frame benar dan read-only",""
"UI07","YES_NOT_UPLOADED_TO_GITHUB","REVISI_WAJIB","1672x941","740d84a2fdf4af71acb17001a7f2d8066ab4e7b216a5e41fb77ab985b8b06ec3","Registry menawarkan pilih/ubah preset dan menyimpan ke EDIT_PLAN.json","Read-only dari ANIMATION_PLAN.json; tanpa tombol simpan/edit pada EDIT_PLAN"
"UI08","YES_NOT_UPLOADED_TO_GITHUB","REVISI_WAJIB","1672x941","ec9d4742de4bbe1a1cb0bb11306411a993ac76c1f23c57502f4671ad676ac97f","Modal BUILD READY di atas panel kosong NO_PROJECT dan sumber belum dipilih","Latar harus menunjukkan preflight READY dengan DEMO_001 terpilih"
"UI09","YES_NOT_UPLOADED_TO_GITHUB","REVISI_WAJIB","1672x941","4b59037c2a3db06b2acb0bb987f12ec79440d05ec287c1532fc5adf1a715d3cc","ASSEMBLING 43% tapi host belum diperiksa dan timeline kiri kosong","Simulasikan sequence baru sudah terbentuk dan host sudah diverifikasi"
"UI10","YES_NOT_UPLOADED_TO_GITHUB","REVISI_WAJIB","1672x941","ad416bd21f93df0f58728c657ac8edacc6a2b9124a450ea9651a955472e0ea18","ASSEMBLED namun no sequences; A002/A003 ditampilkan sebagai Narasi/Audio","Tampilkan sequence di host simulasi; tabel scene/asset/track/preset; pisahkan voice audio"
"UI11","YES_NOT_UPLOADED_TO_GITHUB","REVISI_TERARAH","1672x941","c798eb14955e5b14279a72a0379fd4a584a6072cba91857f7a451f901c3173de","7 dari 9 scene bertentangan dengan DEMO_001 2 scene; host no sequence","Samakan contoh 2 scene, beri sequence _INCOMPLETE di timeline atau ganti ID proyek"
"UI12","YES_NOT_UPLOADED_TO_GITHUB","SESUAI","1672x941","387cede6111d8be59ec6419ec704ab51eb4a62d359c5370dafbaf445b46adb33","25.x ditolak, 24.x diwajibkan, assembly disabled",""
