"screen_id","width","height","sha256","qa_status","comment"
"UI01","1920","1080","90fd1701fa321bb9b426f2d9e3203e9a997409efaec0099cf227c301f57f9891","SESUAI_SUBSTANSI","Panel awal"
"UI02","1672","941","248c37a5640110d99560c5af42d315f6c02797e0543111dafc022c181b3e31f6","SESUAI_SUBSTANSI","Berkas dipilih, belum divalidasi"
"UI03","1672","941","9f02fda5a8932bfd7b896538a088ef9b793c7129c58a65ac842f9a0567f99d72","SESUAI_SUBSTANSI","READY dan BOTH IN+OUT sebagai simulasi"
"UI04","1672","941","3087636c57898d7dbf1305826638b2a62eef65202fd01fc82a976ac63d9de148","SESUAI_SUBSTANSI","SRT ambiguity, review only"
"UI05","1672","941","a4f71751560b6a94297b66e01b684c108e151c2d4b54bb3aedaff9c35863e84d","SESUAI_SUBSTANSI","A003 missing, fail closed"
"UI06","1920","1080","5921afa0df456c6705683c0390d6aa1e6fc6f442dec27b851f50abd4185abfc8","SESUAI_SUBSTANSI","Inspector V002 DOUBLE, read-only"
"UI07","1672","941","de3bfe6f3a9c2ec32798ce8717db050589e8e66b5e36bca39395e062b77a0a8b","SESUAI_SUBSTANSI","General 15, Reveal 6, PAN FROM_LEFT read-only"
"UI08","1672","941","0072b8871246f4c452f3ab5aafffd72eaa70e0dee95048076ecdea779b80d8df","CATATAN_ILUSTRASI","Program image visible while no sequence yet"
"UI09","1672","941","4070a4f0c85be590c80d4c49202016687c195ebdfe924de65c088a37c1175255","CATATAN_ILUSTRASI","A001/A002 visual transition not frame-exact"
"UI10","1672","941","7d740e11c10ab09633629298319b4b59154801941bbf519aa5a759f600d1c6ce","CATATAN_ILUSTRASI","Column Versi should be Track"
"UI11","1672","941","0a24bc26b5cb294680d392fc336575c277789a2d80fabd07fc7bc8636313403a","CATATAN_ILUSTRASI","Project list duplicates A002 / missing A001"
"UI12","1672","941","387cede6111d8be59ec6419ec704ab51eb4a62d359c5370dafbaf445b46adb33","SESUAI_SUBSTANSI","Unsupported Premiere version blocks assembly"
