"ui_id","filename","status","width","height","sha256","owner_approval","source"
"UI01","UI01_DRAFT_1920x1080.png","DARI_ASLI_RESIZE","1920","1080","90fd1701fa321bb9b426f2d9e3203e9a997409efaec0099cf227c301f57f9891","PENDING_EXPLICIT_USER_APPROVAL","Working container only; not in GitHub"
"UI02","UI02_DRAFT_1920x1080.png","REVISI_DRAFT","1920","1080","c56c23b8b99e1a769ad3de29c961b0fe2d5bf0088fb48aef311ac776ee612869","PENDING_EXPLICIT_USER_APPROVAL","Working container only; not in GitHub"
"UI03","UI03_DRAFT_1920x1080.png","REVISI_DRAFT","1920","1080","e187557893db5ba776d1accd33700f64682606dfca87f90f4ee9bad806aaaca0","PENDING_EXPLICIT_USER_APPROVAL","Working container only; not in GitHub"
"UI04","UI04_DRAFT_1920x1080.png","REVISI_DRAFT","1920","1080","0954e8268f0d2dec3ba2ca8b983320f117a7a0206a5d785a8a4202efb271d7fa","PENDING_EXPLICIT_USER_APPROVAL","Working container only; not in GitHub"
"UI05","UI05_DRAFT_1920x1080.png","REVISI_DRAFT","1920","1080","0e361828b589931545d425b431e95270480629a04d0b65fbde833d413855e50d","PENDING_EXPLICIT_USER_APPROVAL","Working container only; not in GitHub"
"UI06","UI06_DRAFT_1920x1080.png","DARI_ASLI_RESIZE","1920","1080","5921afa0df456c6705683c0390d6aa1e6fc6f442dec27b851f50abd4185abfc8","PENDING_EXPLICIT_USER_APPROVAL","Working container only; not in GitHub"
"UI07","UI07_DRAFT_1920x1080.png","REVISI_DRAFT","1920","1080","9af041ca6698e59082c2fe73e3a13c2694b2e85b70f8db4a00e888a82754258f","PENDING_EXPLICIT_USER_APPROVAL","Working container only; not in GitHub"
"UI08","UI08_DRAFT_1920x1080.png","REVISI_DRAFT","1920","1080","78a631dc8b5e6b71c929c7fd743fc0459c6d06cb4046b255ab1416e437322cc9","PENDING_EXPLICIT_USER_APPROVAL","Working container only; not in GitHub"
"UI09","UI09_DRAFT_1920x1080.png","REVISI_DRAFT","1920","1080","c8cf6a9d942b90d40cbce6bf84bddd093c6b6ceb43c58cdaca6577787fa63451","PENDING_EXPLICIT_USER_APPROVAL","Working container only; not in GitHub"
"UI10","UI10_DRAFT_1920x1080.png","REVISI_DRAFT","1920","1080","2334a2a6b1585975bbe5dfba3b7d2508f6cb89613b9be1d6ea7d17eed8cfb2e8","PENDING_EXPLICIT_USER_APPROVAL","Working container only; not in GitHub"
"UI11","UI11_DRAFT_1920x1080.png","REVISI_DRAFT","1920","1080","e32151f17fa565a651b79264cd512c7c2f3ed6187d597ef3b21253f58383c59b","PENDING_EXPLICIT_USER_APPROVAL","Working container only; not in GitHub"
"UI12","UI12_DRAFT_1920x1080.png","DARI_ASLI_RESIZE","1920","1080","d025b8b03596eed6b72a246dc819b2dad6fc5bc52587d13f51aa511a0aa99261","PENDING_EXPLICIT_USER_APPROVAL","Working container only; not in GitHub"
