ac_id,criterion_original_v3,step,planned_test_id,evidence_required,status
AC01,Panel CEP muncul dan membuka UI di Premiere Pro 2024 24.x pengguna.,STEP03,T-HOST-P0,Fixture hash; test command; expected/actual; report; tested commit; real Premiere 24.x build; host readback; visual or lifecycle proof,NOT_TESTED
AC02,UI menampilkan exact build host dan runtime; menolak versi tak disertifikasi.,STEP03,T-HOST-GUARD,Fixture hash; test command; expected/actual; report; tested commit; real Premiere 24.x build; host readback; visual or lifecycle proof,NOT_TESTED
AC03,EDIT_PLAN edit-plan-v2 valid dibaca tanpa migrasi diam-diam.,STEP04,T-CONTRACT-EDIT,Fixture hash; test command; expected/actual; report; tested commit,NOT_TESTED
AC04,ANIMATION_PLAN animation-plan-v1 dibaca; mode BOTH wajib.,STEP04,T-CONTRACT-ANIM,Fixture hash; test command; expected/actual; report; tested commit,NOT_TESTED
AC05,Tepat satu preset per pasangan scene/asset; tidak ada missing/extra.,STEP04,T-PAIR-SET,Fixture hash; test command; expected/actual; report; tested commit,NOT_TESTED
AC06,Preset 21 nama valid dan registry hash cocok.,STEP04 STEP08,T-REGISTRY-HASH,Fixture hash; test command; expected/actual; report; tested commit,NOT_TESTED
AC07,Effect IN dan OUT tidak pernah dipilih berbeda untuk aset yang sama.,STEP04 STEP08,T-BOTH,Fixture hash; test command; expected/actual; report; tested commit,NOT_TESTED
AC08,Speed dan direction sesuai registry; durasi dari registry.,STEP04 STEP08,T-SPEED-DIRECTION,Fixture hash; test command; expected/actual; report; tested commit,NOT_TESTED
AC09,Scene timestamp frame integer 30 FPS; mismatch >1 frame FAIL.,STEP04 STEP05,T-FRAME-READBACK,Fixture hash; test command; expected/actual; report; tested commit; real Premiere 24.x build; host readback; visual or lifecycle proof,NOT_TESTED
AC10,"SRT Unicode, multiline dan occurrence phrase berulang teruji.",STEP04,T-SRT-PARSE,Fixture hash; test command; expected/actual; report; tested commit,NOT_TESTED
AC11,Timing ambigu tidak diluluskan sebagai kata yang pasti.,STEP04,T-SRT-EVIDENCE,Fixture hash; test command; expected/actual; report; tested commit,NOT_TESTED
AC12,File wajib audio/SRT/PNG/background tidak ada -> FAIL.,STEP04 STEP09,T-MISSING-MEDIA,Fixture hash; test command; expected/actual; report; tested commit,NOT_TESTED
AC13,PNG transparan tetap benar dan label tidak terpotong.,STEP05,T-LAYOUT-ALPHA,Fixture hash; test command; expected/actual; report; tested commit; real Premiere 24.x build; host readback; visual or lifecycle proof,NOT_TESTED
AC14,SINGLE memiliki 1 aset di posisi sesuai spesifikasi layout.,STEP05,T-LAYOUT-SINGLE,Fixture hash; test command; expected/actual; report; tested commit; real Premiere 24.x build; host readback; visual or lifecycle proof,NOT_TESTED
AC15,DOUBLE dua aset independen dengan timing stagger benar.,STEP05,T-LAYOUT-DOUBLE,Fixture hash; test command; expected/actual; report; tested commit; real Premiere 24.x build; host readback; visual or lifecycle proof,NOT_TESTED
AC16,"Sequence profil 1920x1080, 30fps diverifikasi oleh host.",STEP05,T-SEQUENCE-PROFILE,Fixture hash; test command; expected/actual; report; tested commit; real Premiere 24.x build; host readback; visual or lifecycle proof,NOT_TESTED
AC17,Background + narration dimasukkan tanpa audio background liar.,STEP05,T-BG-AUDIO,Fixture hash; test command; expected/actual; report; tested commit; real Premiere 24.x build; host readback; visual or lifecycle proof,NOT_TESTED
AC18,Setiap clip/source item dapat dirunut ke asset ID dan path.,STEP05,T-CLIP-MAP,Fixture hash; test command; expected/actual; report; tested commit; real Premiere 24.x build; host readback; visual or lifecycle proof,NOT_TESTED
AC19,FADE/PAN/WIPE BOTH terbukti pada pilot di host 24.x.,STEP06 STEP07,T-P3-BOTH,Fixture hash; test command; expected/actual; report; tested commit; real Premiere 24.x build; host readback; visual or lifecycle proof,NOT_TESTED
AC20,21/21 preset BOTH menghasilkan IN/HOLD/OUT visual sesuai registry.,STEP08,T-FX-21,Fixture hash; test command; expected/actual; report; tested commit; real Premiere 24.x build; host readback; visual or lifecycle proof,NOT_TESTED
AC21,Native keyframes bisa diedit manual untuk yang ditandai NATIVE.,STEP06 STEP08,T-NATIVE-EDIT,Fixture hash; test command; expected/actual; report; tested commit; real Premiere 24.x build; host readback; visual or lifecycle proof,NOT_TESTED
AC22,Prerender alpha tampil transparan di Premiere; no black matte.,STEP07,T-ALPHA-IMPORT,Fixture hash; test command; expected/actual; report; tested commit; real Premiere 24.x build; host readback; visual or lifecycle proof,NOT_TESTED
AC23,Prerender tetap bisa dipindah/trim pada timeline; internal motion baked.,STEP07,T-BAKED-EDIT,Fixture hash; test command; expected/actual; report; tested commit; real Premiere 24.x build; host readback; visual or lifecycle proof,NOT_TESTED
AC24,Tidak ada efek fallback diam-diam dari preset yang diminta GPT.,STEP04 STEP08,T-NO-FALLBACK,Fixture hash; test command; expected/actual; report; tested commit,NOT_TESTED
AC25,Assembly gagal tidak menghapus sequence/item edit manual.,STEP05 STEP09,T-SAFETY-MANUAL,Fixture hash; test command; expected/actual; report; tested commit; real Premiere 24.x build; host readback; visual or lifecycle proof,NOT_TESTED
AC26,Retry tidak membuat clip ganda di sequence target yang sama.,STEP05 STEP09,T-RETRY,Fixture hash; test command; expected/actual; report; tested commit; real Premiere 24.x build; host readback; visual or lifecycle proof,NOT_TESTED
AC27,Reopen .prproj tetap online dan cache tidak hilang.,STEP07 STEP09,T-REOPEN,Fixture hash; test command; expected/actual; report; tested commit; real Premiere 24.x build; host readback; visual or lifecycle proof,NOT_TESTED
AC28,"Manajemen path Unicode, folder kosong, disk penuh dan cancel lulus.",STEP07 STEP09,T-FAULTS,Fixture hash; test command; expected/actual; report; tested commit; real Premiere 24.x build; host readback; visual or lifecycle proof,NOT_TESTED
AC29,Media/proyek panjang diproses tanpa drift atau memory leak kritis.,STEP09,T-STRESS,Fixture hash; test command; expected/actual; report; tested commit; real Premiere 24.x build; host readback; visual or lifecycle proof,NOT_TESTED
AC30,Pengguna dapat melakukan edit manual lalu ekspor MP4 via Premiere.,STEP09,T-E2E-EXPORT,Fixture hash; test command; expected/actual; report; tested commit; real Premiere 24.x build; host readback; visual or lifecycle proof,NOT_TESTED
