catalog_id,preset_key_proposed,display_name,family,medium_in_frames_reference,medium_out_frames_reference,slow_frames,fast_frames,directions,backend_candidate,native_status,prerender_status,calibration,evidence
R01,BRUSH,Brush,Reveal,39,9,UNRESOLVED,UNRESOLVED,UNRESOLVED,PRERENDER_FIRST,UNVERIFIED,UNVERIFIED,REFERENCE_UNCALIBRATED,NONE
R02,INK,Ink,Reveal,40,9,UNRESOLVED,UNRESOLVED,UNRESOLVED,PRERENDER_FIRST,UNVERIFIED,UNVERIFIED,REFERENCE_UNCALIBRATED,NONE
R03,DIGITAL,Digital,Reveal,24,7,UNRESOLVED,UNRESOLVED,UNRESOLVED,PROBE_REQUIRED,UNVERIFIED,UNVERIFIED,REFERENCE_UNCALIBRATED,NONE
R04,SPRAY_PAINT,Spray Paint,Reveal,42,9,UNRESOLVED,UNRESOLVED,UNRESOLVED,PRERENDER_FIRST,UNVERIFIED,UNVERIFIED,REFERENCE_UNCALIBRATED,NONE
R05,SKETCH,Sketch,Reveal,42,10,UNRESOLVED,UNRESOLVED,UNRESOLVED,PRERENDER_FIRST,UNVERIFIED,UNVERIFIED,REFERENCE_UNCALIBRATED,NONE
R06,GRADIENT,Gradient,Reveal,33,8,UNRESOLVED,UNRESOLVED,UNRESOLVED,PROBE_REQUIRED,UNVERIFIED,UNVERIFIED,REFERENCE_UNCALIBRATED,NONE
G01,RISE,Rise,General,21,8,UNRESOLVED,UNRESOLVED,UNRESOLVED,NATIVE_FIRST,UNVERIFIED,UNVERIFIED,REFERENCE_UNCALIBRATED,NONE
G02,PAN,Pan,General,21,8,UNRESOLVED,UNRESOLVED,UNRESOLVED,NATIVE_FIRST,UNVERIFIED,UNVERIFIED,REFERENCE_UNCALIBRATED,NONE
G03,FADE,Fade,General,15,7,UNRESOLVED,UNRESOLVED,UNRESOLVED,NATIVE_FIRST,UNVERIFIED,UNVERIFIED,REFERENCE_UNCALIBRATED,NONE
G04,POP,Pop,General,16,7,UNRESOLVED,UNRESOLVED,UNRESOLVED,NATIVE_FIRST,UNVERIFIED,UNVERIFIED,REFERENCE_UNCALIBRATED,NONE
G05,WIPE,Wipe,General,21,8,UNRESOLVED,UNRESOLVED,UNRESOLVED,PROBE_REQUIRED,UNVERIFIED,UNVERIFIED,REFERENCE_UNCALIBRATED,NONE
G06,BLUR,Blur,General,21,8,UNRESOLVED,UNRESOLVED,UNRESOLVED,PROBE_REQUIRED,UNVERIFIED,UNVERIFIED,REFERENCE_UNCALIBRATED,NONE
G07,SUCCESSION,Succession,General,25,9,UNRESOLVED,UNRESOLVED,UNRESOLVED,PROBE_REQUIRED,UNVERIFIED,UNVERIFIED,REFERENCE_UNCALIBRATED,NONE
G08,BREATHE,Breathe,General,30,9,UNRESOLVED,UNRESOLVED,UNRESOLVED,NATIVE_FIRST,UNVERIFIED,UNVERIFIED,REFERENCE_UNCALIBRATED,NONE
G09,BASELINE,Baseline,General,14,7,UNRESOLVED,UNRESOLVED,UNRESOLVED,PROBE_REQUIRED,UNVERIFIED,UNVERIFIED,REFERENCE_UNCALIBRATED,NONE
G10,DRIFT,Drift,General,33,9,UNRESOLVED,UNRESOLVED,UNRESOLVED,NATIVE_FIRST,UNVERIFIED,UNVERIFIED,REFERENCE_UNCALIBRATED,NONE
G11,TECTONIC,Tectonic,General,22,8,UNRESOLVED,UNRESOLVED,UNRESOLVED,PROBE_REQUIRED,UNVERIFIED,UNVERIFIED,REFERENCE_UNCALIBRATED,NONE
G12,TUMBLE,Tumble,General,24,9,UNRESOLVED,UNRESOLVED,UNRESOLVED,PROBE_REQUIRED,UNVERIFIED,UNVERIFIED,REFERENCE_UNCALIBRATED,NONE
G13,NEON,Neon,General,20,7,UNRESOLVED,UNRESOLVED,UNRESOLVED,PROBE_REQUIRED,UNVERIFIED,UNVERIFIED,REFERENCE_UNCALIBRATED,NONE
G14,SCRAPBOOK,Scrapbook,General,22,9,UNRESOLVED,UNRESOLVED,UNRESOLVED,PROBE_REQUIRED,UNVERIFIED,UNVERIFIED,REFERENCE_UNCALIBRATED,NONE
G15,STOMP,Stomp,General,17,7,UNRESOLVED,UNRESOLVED,UNRESOLVED,PROBE_REQUIRED,UNVERIFIED,UNVERIFIED,REFERENCE_UNCALIBRATED,NONE
