"catalog_id","preset_key","direction_semantics","proposed_allowed_directions","source_literal_anchor","evidence_level","safety_notes","medium_in_frames_ref","medium_out_frames_ref"
"R01","BRUSH","MASK_VECTOR","LEFT_TO_RIGHT;RIGHT_TO_LEFT;TOP_TO_BOTTOM;BOTTOM_TO_TOP;DIAGONAL_TL_BR;DIAGONAL_BR_TL","LEFT_TO_RIGHT","V3_EXACT_LITERAL","Ink-like textured reveal; direction means mask coverage progression","39","9"
"R02","INK","MASK_ORIGIN","CENTER;FROM_LEFT;FROM_RIGHT;FROM_TOP;FROM_BOTTOM","","PROPOSAL_SOURCE_SEMANTICS","Blob expansion origin, not travel direction","40","9"
"R03","DIGITAL","MASK_VECTOR_OR_RADIAL","LEFT_TO_RIGHT;RIGHT_TO_LEFT;TOP_TO_BOTTOM;BOTTOM_TO_TOP;RADIAL","","PROPOSAL_SOURCE_SEMANTICS","Grid activation order; fixed jitter seed from JSON project_seed","24","7"
"R04","SPRAY_PAINT","MASK_PATTERN_MODE","UNIFORM;SWEEP_LEFT_TO_RIGHT;SWEEP_RIGHT_TO_LEFT;ORIGIN_BURST","","PROPOSAL_SOURCE_SEMANTICS","Spray pattern rather than geometric direction, strict enum and no alias","42","9"
"R05","SKETCH","MASK_DIAGONAL","DIAGONAL_TL_BR;DIAGONAL_BR_TL","","PROPOSAL_SOURCE_SEMANTICS","Sketch hatch stroke ordering; defined angle in registry","42","10"
"R06","GRADIENT","MASK_VECTOR_OR_RADIAL","LEFT_TO_RIGHT;RIGHT_TO_LEFT;TOP_TO_BOTTOM;BOTTOM_TO_TOP;RADIAL","","PROPOSAL_SOURCE_SEMANTICS","Gradient alpha progression; no base transform shift","33","8"
"G01","RISE","TRANSFORM_ORIGIN","FROM_BOTTOM;FROM_TOP","","PROPOSAL_SOURCE_SEMANTICS","Bottom entry moves upward; out follows registry inverse","21","8"
"G02","PAN","TRANSFORM_ORIGIN","FROM_LEFT;FROM_RIGHT;FROM_TOP;FROM_BOTTOM","FROM_LEFT","V3_EXACT_LITERAL","Source edge, NOT vector; FROM_LEFT is not alias for LEFT_TO_RIGHT","21","8"
"G03","FADE","NONE","NONE","NONE","V2_EXACT_LITERAL","Opacity only; explicitly NONE in Master V2","15","7"
"G04","POP","NONE","NONE","NONE","INFERRED_NONE_FROM_ENGINE","Scale/opacity only; NONE normalization needs signoff","16","7"
"G05","WIPE","MASK_VECTOR","LEFT_TO_RIGHT;RIGHT_TO_LEFT;TOP_TO_BOTTOM;BOTTOM_TO_TOP","RIGHT_TO_LEFT","V3_EXACT_LITERAL","Mask only; must never move picture like Pan","21","8"
"G06","BLUR","NONE","NONE","NONE","INFERRED_NONE_FROM_ENGINE","Blur/opacity, no spatial direction","21","8"
"G07","SUCCESSION","NONE","NONE","NONE","INFERRED_NONE_FROM_ENGINE","Zoom/blur focus, no directional field required in source","25","9"
"G08","BREATHE","NONE","NONE","NONE","INFERRED_NONE_FROM_ENGINE","Scale pulse; one-shot per source profile","30","9"
"G09","BASELINE","TRANSFORM_ORIGIN","FROM_BOTTOM;FROM_TOP","","PROPOSAL_SOURCE_SEMANTICS","Snap from baseline, not Rise duplication","14","7"
"G10","DRIFT","TRANSFORM_ORIGIN","FROM_LEFT;FROM_RIGHT;FROM_TOP;FROM_BOTTOM;DIAGONAL_TL_BR;DIAGONAL_BR_TL","","PROPOSAL_SOURCE_SEMANTICS","Small distance vs PAN; diagonal path must be fully specified","33","9"
"G11","TECTONIC","OSCILLATION_AXIS","HORIZONTAL;VERTICAL","","PROPOSAL_SOURCE_SEMANTICS","Axis of oscillation, not travel direction; motion stays in slot","22","8"
"G12","TUMBLE","ROTATION_SIGN","CLOCKWISE;COUNTERCLOCKWISE","","PROPOSAL_SOURCE_SEMANTICS","Sign of rotation; diagonal entry offset needs fixed signed registry rule","24","9"
"G13","NEON","NONE","NONE","NONE","INFERRED_NONE_FROM_ENGINE","Seeded opacity/glow flicker; no geometric direction","20","7"
"G14","SCRAPBOOK","ROTATION_SIGN","CLOCKWISE;COUNTERCLOCKWISE","","PROPOSAL_SOURCE_SEMANTICS","Tilt sign only; optional entry side must be deterministic in registry","22","9"
"G15","STOMP","NONE","NONE","NONE","INFERRED_NONE_FROM_ENGINE","Impact scale/settle; no spatial direction","17","7"
