"check_id","condition","static_status","source"
"A01","Both embedded JSON documents parse","PASS","V3 13.1 + 13.2"
"A02","Exact schema_versions edit-plan-v2 / animation-plan-v1","PASS","V3 13.1 + 13.2"
"A03","project_id matches","PASS","V3 4.2"
"A04","edit_plan_revision equals edit revision","PASS","V3 4.2"
"A05","mode BOTH global","PASS","V3 4.2"
"A06","Exactly two scenes in sample","PASS","V3 13.1"
"A07","SINGLE one asset and DOUBLE two assets","PASS","V3 4.2"
"A08","DOUBLE LEFT and RIGHT independently represented","PASS","V3 13.1"
"A09","Three asset time spans are positive integer frames","PASS","V3 4.4"
"A10","Asset spans fit inside respective scenes","PASS","V3 4.2"
"A11","No duplicate (scene_id,asset_id) occurrences","PASS","V2 5.1"
"A12","Exactly three animation decisions","PASS","V3 13.2"
"A13","Exact bijection between occurrences and decisions","PASS","V3 4.2"
"A14","All three use known MEDIUM reference presets","PASS","V3 7.2 / 13.2"
"A15","All three decisions locked=true","PASS","V3 13.2"
"A16","No enter_effect/exit_effect or split direction/time fields","PASS","V3 4.2"
"A17","All three durations meet MEDIUM reference IN+OUT","PASS","V3 7.2; uncalibrated"
"A18","Right asset start_frame=192 is explicit 42-frame delay","PASS","V3 13.1"
