"id","legacy","production_rule","status"
"C01","Standalone renderer V2","Plugin CEP + JSX + FFmpeg Premiere 2024 adalah target V3","CLOSED_BY_V3"
"C02","Engine auto-random/reroll","GPT memilih tepat satu preset locked per occurrence","CLOSED_BY_V3"
"C03","Enter-only/Exit-only pada engine lama","Mode BOTH wajib, preset IN dan OUT sama","CLOSED_BY_V3"
"C04","Durasi pendek boleh dipercepat otomatis","Jika clip lebih pendek dari IN+OUT: FAIL, tanpa autopatch","CLOSED_BY_V3"
"C05","DOUBLE downgrade strong effect ke Fade","Dilarang silent effect fallback, minta revisi eksplisit","CLOSED_BY_V3"
"C06","Stagger masuk otomatis 80-220ms","A/B mengikuti frame eksplisit EDIT_PLAN","CLOSED_BY_V3"
"C07","Enum arah LEFT/RIGHT pada engine lama","Contoh V3: LEFT_TO_RIGHT/FROM_LEFT/RIGHT_TO_LEFT","OPEN_B06"
"C08","Speed fast/slow memakai range umum","Butuh IN/OUT angka FAST/SLOW per preset, tidak interpolasi diam-diam","OPEN_B02"
"C09","MEDIUM 21 efek target replica, bukan Canva internal","REFERENCE_UNCALIBRATED dan 0/21 host certified","OPEN_B02"
"C10","APPROX_REVIEW SRT vs ESTIMATED_FROM_AUDIO","Definisikan alias resmi, tidak naikkan confidence","OPEN_B06"
"C11","V2 render final via FFmpeg","V3 EDIT_PLAN.render legacy hint, ekspor Premiere","CLOSED_BY_V3"
"C12","Layout source berdasar screenshot observasi","Bekukan profile/hash, uji golden visual host","PARTIAL_B06"
"C13","V2 strict unknown keys","Bekukan allowlist field legacy agar kompatibel","OPEN_B06"
"C14","Premiere ticks, keyframe, alpha belum host tested","Probe actual Premiere Pro major 24.x","OPEN_B03"
"C15","Contoh JSON V3 memakai arah yang tidak ada di enum engine","Jangan klaim valid sebelum mapping disetujui","OPEN_B06"
