"decision_id","decision","source","status","notes"
"D01","Conserve source-compatible top-level EDIT_PLAN fields","V2 requires schema_version/project_id/revision/canvas/sources/profiles/assets/scenes/render/validation/provenance","SOURCE_SUPPORTED","Can disallow absence without changing V2"
"D02","Conserve source-compatible ANIMATION_PLAN fields","V2 requires schema_version/project_id/edit_plan_revision/revision/mode/animation_profile/project_seed/decisions/provenance","SOURCE_SUPPORTED","Preserve V1 schema"
"D03","Use no split IN/OUT fields","V2 + V3 Both locked","SOURCE_SUPPORTED","E_ANIM_MODE on split fields"
"D04","Half-open frame intervals","V2/V3 scene and asset frames","SOURCE_SUPPORTED","[start,end), start<end"
"D05","SRT ms-to-frame round_half_up","V2 specified round_half_up(ms*fps/1000)","SOURCE_SUPPORTED","Integer rational formula in addendum"
"D06","No HOLD required if D==IN+OUT","V2 D>=IN+OUT; equality not prohibited","SOURCE_DERIVED_PROPOSED","Confirm minimal visual HOLD policy separately"
"D07","No automatic clip shorten/speed change","V2 master failure E_TIME_006 and V3 no fallback","SOURCE_SUPPORTED","Do not use legacy duration sheet exception"
"D08","Strict duplicate JSON object key handling","V2 strict parser requirement","SOURCE_SUPPORTED","Reject any repeated object key, including nested"
"D09","Unknown field allowlist schema","V2 strict extra fields but V3 compatibility priority","PROPOSAL_NEEDS_SIGNOFF","Forbid reserved animation fields; preserve documented optional V2 extension keys"
"D10","Direction canonical tokens per preset","Engine family-level semantics; V3 uses mixed tokens","PROPOSAL_NEEDS_SIGNOFF","See 21-row direction candidates, no auto alias in production yet"
"D11","Only MEDIUM while FAST/SLOW unresolved","MEDIUM frames from source S04","OPTION_NEEDS_USER_APPROVAL","Restrict other speeds via explicit E_ANIM_PRESET until per-preset maps certified"
"D12","Review-labeled ambiguous SRT mapping","EXACT_WORD/EXACT_CUE/APPROX_REVIEW/UNRESOLVED V2","SOURCE_SUPPORTED","V3 ESTIMATED_FROM_AUDIO mapping requires explicit alias decision"
"D13","Renderer output hint is legacy only","V3 supersedes MP4 standalone output in V2","SOURCE_SUPPORTED","Premiere exports final MP4"
"D14","Never assume Premiere tick timebase","V3 demands actual host probe","SOURCE_SUPPORTED_HOST_PENDING","G3 host real proof remains OPEN"
"D15","Numeric resource ceilings","No approved max JSON size/scene count/path cap values","PROPOSAL_NEEDS_SIGNOFF","Record protective constants only after ADR review"
"D16","Maintain source raw docs private","Seven user-owned sources found in Library","PRIVACY_GUARD","Derived SHA and contract allowed; publishing raw source requires explicit authorization"
"D17","CREATE_NEW_SEQUENCE default","V3 safety policy","SOURCE_SUPPORTED","No destructive update_existing"
"D18","Empty/invalid required file blocks every host mutation","V2/V3 fail-closed","SOURCE_SUPPORTED","No dummy asset rescue"
"D19","SRT/audio/scene gap policy","V2 explicit visual gap policy","SOURCE_SUPPORTED","No implicit hold/fade through unplanned gaps"
"D20","Lock false policy for production","V2 decision locked expected but false compatibility not explicitly documented","PROPOSAL_NEEDS_SIGNOFF","Do not modify locked value; decide whether block or needs review"
