"document","json_path","fields","source_status","source","production_policy"
"EDIT_PLAN","$","schema_version;project_id;revision;canvas;sources;profiles;assets;scenes;render;validation;provenance","REQUIRED_ROOT_V2","Master V2 section 5.2","No undocumented extra root keys without explicit revision"
"EDIT_PLAN","$.canvas","width;height;fps_num;fps_den","EXPECTED_PROFILE_V3","Master V3 section 13.1","Initial host profile 1920x1080, 30/1; others require certified sequence profile"
"EDIT_PLAN","$.sources.srt","path;sha256","REQUIRED_SOURCE_V3","Master V3 sections 3,13.1","SRT required for narrative projects; real 64-hex checksum not placeholder"
"EDIT_PLAN","$.sources.audio","path;sha256","REQUIRED_SOURCE_V3","Master V3 sections 3,13.1","Voice audio required; validate decode and hash"
"EDIT_PLAN","$.sources.background","path;required;audio_policy","DOCUMENTED_V3","Master V3 section 13.1","If required=true need readable MP4; background audio mute unless explicit"
"EDIT_PLAN","$.profiles","layout_id;layout_hash","EXPECTED_PROFILE_V3","Master V3 section 13.1","Layout profile hash must match actual profile"
"EDIT_PLAN","$.assets.<asset_id>","path","REQUIRED_ASSET_V3","Master V2 section 5.2; V3 section 13.1","May have documented metadata for crop/alpha/hash; no executable paths"
"EDIT_PLAN","$.scenes[]","scene_id;source_segment_ids;narration_quote;layout_type;start_frame;end_frame;assets;transition_policy","SCENE_SEMANTIC_V2","Master V2 section 5.3; V3 13.1","semantic_relation, locked are documented optional historical metadata"
"EDIT_PLAN","$.scenes[].assets[]","asset_id;slot;start_frame;end_frame;entry_evidence","ASSET_OCCURRENCE_V2","Master V2 section 5.4; V3 13.1","stagger_frames and timing_lock optional if explicitly present"
"EDIT_PLAN","$.scenes[].assets[].entry_evidence","cue_id;accuracy","EXAMPLE_V3","Master V3 13.1; V2 5.4","Other documented forms: word range, source_span, occurrence, confidence; no fabricated word timing"
"EDIT_PLAN","$.render","codec;pixel_format;audio_codec;audio_policy;subtitles;output_path","LEGACY_HINT_V3","Master V3 sections 4.1,13.1","Read for compatibility, never launch standalone final FFmpeg export"
"EDIT_PLAN","$.validation","status;issues","INPUT_EVIDENCE_ONLY","Master V3 section 13.1","Input READY status never overrides runtime preflight"
"EDIT_PLAN","$.provenance","scene_plan_schema;timing_source;ai_decision_mode","EXAMPLE_INFO_ONLY","Master V3 section 13.1","Audit data only, may preserve documented extra keys"
"ANIMATION_PLAN","$","schema_version;project_id;edit_plan_revision;revision;mode;animation_profile;project_seed;decisions;provenance","REQUIRED_ROOT_V2","Master V2 section 5.6","Global mode exactly BOTH; root no scene timing or asset path"
"ANIMATION_PLAN","$.animation_profile","id;sha256","REQUIRED_PROFILE_V2","Master V2 section 5.6; V3 13.2","Hash of runtime registry required; reject placeholder or mismatch"
"ANIMATION_PLAN","$.decisions[]","scene_id;asset_id;preset;speed;direction;locked","REQUIRED_DECISION_V2","Master V2 section 5.6; V3 4.2","No enter_effect, exit_effect, enter_direction, exit_direction, in_ms or out_ms"
"ANIMATION_PLAN","$.provenance","source;registry;decisions_are_final","EXAMPLE_INFO_ONLY","Master V3 section 13.2","Nonexecuting metadata; preserve exact source values"
"EDIT_PLAN","$.scenes[].assets[]","enter;exit;enter_effect;exit_effect;preset;speed;direction;duration_frames;enter_direction;exit_direction;in_ms;out_ms","PROHIBITED","Master V2 section 5.4","NO_ANIMATION_FIELDS"
"EDIT_PLAN","$.scenes[]","enter_effect;exit_effect;enter_direction;exit_direction","PROHIBITED","Master V2 section 5.1","NO_SPLIT_EFFECTS"
"ANIMATION_PLAN","$.decisions[]","enter_effect;exit_effect;enter_direction;exit_direction;in_ms;out_ms;duration_frames;start_frame;end_frame;layout;path","PROHIBITED","Master V2 section 5.6; V3 section 4.2","NO_SPLIT_OR_SCENE_DATA"
"ANIMATION_PLAN","$","enter_effect;exit_effect;layout;scenes;assets;audio_path;background_path","PROHIBITED","Master V2 section 5.6","NO_BLEEDING_EDIT_FIELDS"
