"failure_class","display_code_v3","legacy_code_v2","severity","source"
"Malformed JSON, duplicate key, bad type, extra forbidden fields","E_JSON_SCHEMA","E_JSON_001","STOP_PRE_HOST","V2 section 6.1, V3 section 10.2"
"Project ID / revision mismatch, wrong pair count, duplicate scene/asset","E_PLAN_PAIR","E_ANIM_013/E_ANIM_014","STOP_PRE_HOST","V2 section 5.8, V3 section 10.2"
"mode not BOTH or separate IN/OUT selector","E_ANIM_MODE","E_ANIM_012","STOP_PRE_HOST","V2 section 5.8, V3 section 10.2"
"Preset not registered, speed/direction unsupported","E_ANIM_PRESET","E_EFFECT_007","STOP_PRE_HOST","V2 section 6.4, V3 section 10.2"
"D < in_frames+out_frames, invalid approved gap","E_TIME_006","E_TIME_006","STOP_PRE_HOST","V2 sections 6.4, 8.4"
"SRT ambiguity or word timing absent for exact-word claim","E_SRT_AMBIGUOUS","E_ALIGN_005","REVIEW_OR_STOP","V2 section 4.3, V3 section 4.3"
"SRT/audio/PNG/background required missing, hash bad or decode fail","E_MEDIA_MISSING","E_SRT_002/E_AUDIO_003/E_ASSET_004/E_BG_008","STOP_PRE_HOST","V2 section 6.4, V3 section 10.2"
"Layout/animation registry profile hash mismatched","E_PROFILE_010","E_PROFILE_010","STOP_PRE_HOST","V2 section 6.4; V3 section 7.3"
"Unsanitized path root escape or unsafe executable argument","E_JSON_SCHEMA","E_IO_009","STOP_PRE_HOST","V2 section 6.1, V3 section 10.3"
"Host unsupported or capability probe missing","E_HOST_UNSUPPORTED","","STOP_PRE_HOST","V3 section 10.2"
"No verified native or prerender backend for chosen preset","E_FX_BACKEND","E_EFFECT_007","STOP_PRE_HOST","V3 section 7.4"
"RGBA imported as black/opaque","E_ALPHA_IMPORT","","STOP_EFFECT","V3 section 8.2"
"Host operation partial failure","E_HOST_PARTIAL","","MARK_INCOMPLETE","V3 section 10.4"
