"fixture_id","category","case","expected","notes","target_gate"
"F001","positive","Valid V3 DEMO_001 SINGLE+DOUBLE + 3 BOTH decisions","PREFLIGHT_READY_CANDIDATE","real media/hash/profile required","G1B"
"F002","syntax","Malformed EDIT_PLAN JSON","E_JSON_SCHEMA","preflight, zero host mutations","G1B"
"F003","syntax","Malformed ANIMATION_PLAN JSON","E_JSON_SCHEMA","preflight, zero host mutations","G1B"
"F004","version","edit-plan-v9 unsupported","E_JSON_SCHEMA","no migration","G1B"
"F005","version","animation-plan-v9 unsupported","E_JSON_SCHEMA","no migration","G1B"
"F006","pair","project_id mismatch","E_PLAN_PAIR","zero host mutations","G1B"
"F007","pair","edit_plan_revision mismatch","E_PLAN_PAIR","zero host mutations","G1B"
"F008","pair","Animation decision missing instance","E_PLAN_PAIR","zero host mutations","G1B"
"F009","pair","Animation decision extra instance","E_PLAN_PAIR","zero host mutations","G1B"
"F010","pair","Duplicate decision for scene asset pair","E_PLAN_PAIR","zero host mutations","G1B"
"F011","pair","Duplicate scene_id","E_PLAN_PAIR","zero host mutations","G1B"
"F012","pair","Asset absent in asset map","E_PLAN_PAIR","zero host mutations","G1B"
"F013","layout","SINGLE with two assets","E_PLAN_PAIR","zero host mutations","G1B"
"F014","layout","DOUBLE with missing RIGHT","E_PLAN_PAIR","zero host mutations","G1B"
"F015","layout","DOUBLE repeated same asset_id","E_PLAN_PAIR","zero host mutations","G1B"
"F016","animation","Mode IN_ONLY instead of BOTH","E_ANIM_MODE","zero host mutations","G1B"
"F017","animation","Decision contains enter_effect","E_ANIM_MODE","zero host mutations","G1B"
"F018","animation","Decision contains exit_effect","E_ANIM_MODE","zero host mutations","G1B"
"F019","animation","Unknown preset key","E_ANIM_PRESET","no silent fallback","G1B"
"F020","animation","Unsupported speed value","E_ANIM_PRESET","no silent interpolation","G1B"
"F021","animation","Direction not allowed for preset","E_ANIM_PRESET","registry-specific","G1B"
"F022","animation","Same asset in different scenes with distinct presets","VALID_IF_CONTRACT_MATCH","decision count per occurrence","G1B"
"F023","timing","Asset end equal start","E_JSON_SCHEMA","invalid half-open span","G1B"
"F024","timing","Asset out of scene bounds without approved overlap","BLOCKED_POLICY","no implicit clip","G1B"
"F025","timing","DOUBLE delayed second asset frame 192","EXPECTED_TWO_INDEPENDENT_CLIPS","P2 host proof","G5"
"F026","timing","Half-frame boundary rational tie","BLOCKED_POLICY","agree exact rounding first","G1A"
"F027","srt","EXACT_CUE timestamp without exact word","VALID_CUE_ONLY","no fabricated word timestamp","G4"
"F028","srt","Duplicate narration quote without occurrence evidence","E_SRT_AMBIGUOUS","needs review","G4"
"F029","srt","UNRESOLVED cue mapping","E_SRT_AMBIGUOUS","no build","G4"
"F030","srt","UTF-8 BOM, multiline and Unicode","VALID_IF_MATCH","hash must remain stable","G4"
"F031","media","Required audio missing","E_MEDIA_MISSING","zero host mutations","G4"
"F032","media","Required PNG unreadable","E_MEDIA_MISSING","zero host mutations","G4"
"F033","media","Background required but missing","E_MEDIA_MISSING","zero host mutations","G4"
"F034","media","SRT required but missing","E_MEDIA_MISSING","zero host mutations","G4"
"F035","media","Hash mismatches","E_MEDIA_MISSING","zero host mutations","G4"
"F036","security","Parent path traversal outside media root","BLOCKED_SECURITY","zero host mutations","G4"
"F037","security","Windows Unicode and quotes in legitimate paths","VALID_IF_WITHIN_ROOT","argv not shell","G4"
"F038","runtime","Premiere major 25","E_HOST_UNSUPPORTED","no build","G3"
"F039","runtime","Required preset lacks verified native and baked backend","E_FX_BACKEND","no silent change","G4"
"F040","runtime","Codec alpha appears black after import","E_ALPHA_IMPORT","backend not certified","G7"
"F041","host","Host fails after first clip insertion","E_HOST_PARTIAL","mark incomplete; preserve","G5"
"F042","host","Retry interrupted job","CREATE_NEW_SEQUENCE","no duplicate in partial","G9"
"F043","host","User manual edit then re-run","BLOCKED_UNSAFE_OVERWRITE","preserve manual edits","G9"
"F044","cache","Linked prerender file missing","E_CACHE_MISSING","relink via matching hash","G7"
"F045","cache","Disk full during cache generation","INCOMPLETE_CACHE","no valid cache marker","G7"
"F046","determinism","Two identical dry-run inputs","SAME_OPERATION_DIGEST","excluding volatile ids","G4"
"F047","compat","Legacy render output_path supplied","INFO_DEPRECATED_RENDER_HINT","do not final-export using FFmpeg","G4"
"F048","host","Readback delta greater than 1 frame","FAIL_TIMING","do not mark assembled","G5"
