"decision","topic","status","resolution_or_procedure","source"
"B06-01","V2 roots and types","SPEC_NORMATIVE","11 edit root, 9 animation root; reject missing or wrong types; bool is not integer","SOURCE_V2_5_2_5_6"
"B06-02","Nested field compatibility","ADR_PROPOSAL","Declare documented nested fields and optional metadata; reject forbidden animation selectors; do not drop/execute other legacy data; extra novel nested keys NEEDS_REVIEW until allowlist added via versioned ADR","V2_5_3_5_4_V3_4_1"
"B06-03","Duplicate JSON object keys","SPEC_NORMATIVE","Reject any repeated key at any depth regardless of equal value; no last-write-wins","V2_6_1"
"B06-04","Integer time policy","SPEC_NORMATIVE","Input frames nonnegative integers, end exclusive; ms round_half_up once using rational integer arithmetic; reject NaN/non-integer source frames","V2_4_4"
"B06-05","locked=false","ADR_PROPOSAL","Preserve false verbatim and mark NEEDS_REVIEW; no automatic flipping or replacing chosen effect; no assembly before approval","V3_4_2"
"B06-06","SRT confidence","ADR_SOURCE_DERIVED","EXACT_CUE only cue bounds, EXACT_WORD only verified word timestamps; APPROX_REVIEW/ESTIMATED_FROM_AUDIO require review when material; UNRESOLVED always blocks","V2_4_3_V3_4_3"
"B06-07","Crop and background validation","SPEC_NORMATIVE","Required files must decode; no source media substitution; background.audio_policy=MUTE unless explicit","V3_3_V3_10"
"B06-08","Runtime resource budgets","SPEC_PROCEDURE","Config from measured Windows host and pilot stress tests; if safe cap config unknown, block large jobs/host assembly rather than invent a production number; engineering numbers cannot be claimed final now","V3_10_3_V3_11_1"
"B06-09","Unsupported direction/speed","SPEC_NORMATIVE","No guessing aliases, substitutions or automatic FAST/SLOW time scaling; fail closed; host registry verified per preset","V2_5_6_V3_7_3"
"B06-10","Non-destructive transaction","SPEC_NORMATIVE","Two-phase preflight then CREATE_NEW_SEQUENCE; explicit user confirmation, journal, readback, mark INCOMPLETE and don't touch old timeline on failure","V3_5_5_V3_6_3"
"B06-11","Error translation","ADR_PROPOSAL","Display V3 errors to user and attach legacy V2 code in report for compatibility, without converting an ERROR to warning","V2_6_4_V3_10_2"
"B06-12","Performance/host-dependent values","SPEC_PROCEDURE","Document Premiere ticks/parameter probe and file caps as deferred host evidence; host readiness blocked without proof","V3_5_4_V3_10_3"
