"id","topic","recommendation","status","source"
"Q01","Initial MEDIUM-only pilot (not final product scope)","APPROVED MEDIUM first; keep FAST/SLOW as later calibrated feature","APPROVED_BY_OWNER_2026_10_09","https://github.com/inoriko920-dev/AI-JSON-Premiere-Editor/issues/2"
"Q02","21 canonical direction policy V6","APPROVED V6 21-row direction policy for SOL planning baseline only; not host verified","APPROVED_BY_OWNER_2026_10_09","https://github.com/inoriko920-dev/AI-JSON-Premiere-Editor/issues/2"
"Q03","Unknown fields","Root EDIT_PLAN/ANIMATION_PLAN require V2 fields; reject forbidden animation fields; allow only documented legacy render/validation/provenance; freeze nested allowlist before schema code","ASTRA_SPEC_DECIDED","Do not use example-only shape to reject valid legacy"
"Q04","locked=false","Keep value unchanged; mark NEEDS_REVIEW if false and require a confirmed lock decision before assembly","ASTRA_SPEC_DECIDED","Do not change false to true"
"Q05","SRT evidence alias","APPROX_REVIEW and ESTIMATED_FROM_AUDIO both require review; do not upgrade to EXACT_WORD","ASTRA_SPEC_DECIDED","When material, block READY until evidence reviewed"
"Q06","Min HOLD equality","D==IN+OUT meets V2 numeric lower bound; visual QA later may warn; D<minimum hard FAIL","ASTRA_SPEC_DECIDED","No implicit clip extension"
"Q07","Scene gap","Only explicit CUT, EXIT_TO_BG, CONTINUE_LAST from plan; unknown gap blocks preflight","SOURCE_SUPPORTED","V2 section 5.3"
"Q08","Resource limits","Do not invent production caps; SOL must draft threat-model ADR with testable budgets before enabling helper/host","ASTRA_SPEC_DECIDED_HOST_CAP_DEFERRED","B06 pending limit values"
"Q09","Premiere host","Exact 24.x, CEP runtime, native keyframe timebase/alpha require real host probe","HOST_PROOF_PENDING","Host gating stays open"
"Q10","Historical source transfer","Source requirements for STEP01 met by read+SHA inventory, derived contract. Do not copy seven private originals to public repo absent explicit instruction","CLOSED_SOURCE_DISCOVERY","Availability to SOL as original files is a separate optional transfer decision"
