"catalog_id","preset_key","source_grounded_token","source_status","provenance","unapproved_candidate_tokens","notes"
"R01","BRUSH","LEFT_TO_RIGHT","SAMPLE_V3","Master V3 13.2 has LEFT_TO_RIGHT; Engine S03 Brush supports left-to-right","RIGHT_TO_LEFT;TOP_TO_BOTTOM;BOTTOM_TO_TOP;DIAGONAL","Proposed aliases outside sample"
"R02","INK","","PROPOSED_ONLY","Engine S03 has origin center/edge, not exact JSON direction name","CENTER;FROM_LEFT;FROM_RIGHT;FROM_TOP;FROM_BOTTOM","Origin ≠ travel vector"
"R03","DIGITAL","","PROPOSED_ONLY","Engine S03 says linear L/R/U/D/radial but no V3 JSON literals","LEFT_TO_RIGHT;RIGHT_TO_LEFT;TOP_TO_BOTTOM;BOTTOM_TO_TOP;RADIAL","Test grid mask semantics"
"R04","SPRAY_PAINT","","PROPOSED_ONLY","Engine S03 says uniform/sweep/burst, no exact V3 JSON literal","UNIFORM;LEFT_TO_RIGHT;RIGHT_TO_LEFT;ORIGIN_BURST","Direction may denote mode"
"R05","SKETCH","","PROPOSED_ONLY","Engine S03 says diagonal/reverse, not JSON spelling","DIAGONAL_TL_BR;DIAGONAL_BR_TL","Angle sign and origin"
"R06","GRADIENT","","PROPOSED_ONLY","Engine S03 four cardinal directions, no canonical token","LEFT_TO_RIGHT;RIGHT_TO_LEFT;TOP_TO_BOTTOM;BOTTOM_TO_TOP","Do not silently alias legacy LEFT"
"G01","RISE","","PROPOSED_ONLY","Engine S03 upward default/down variant, no exact JSON literal","FROM_BOTTOM;FROM_TOP","Entering from bottom travels upward"
"G02","PAN","FROM_LEFT","SAMPLE_V3","Master V3 13.2 PAN direction FROM_LEFT; Engine S03 supports L/R/U/D","FROM_RIGHT;FROM_TOP;FROM_BOTTOM","Start-side vs travel direction"
"G03","FADE","NONE","V2_LITERAL","Master V2 5.6 explicitly says FADE direction=NONE","NONE","Alpha only; no spatial motion"
"G04","POP","NONE","ENGINE_NO_DIRECTION","S03 Pop has no direction parameter","NONE","Scale + opacity"
"G05","WIPE","RIGHT_TO_LEFT","SAMPLE_V3","Master V3 13.2 WIPE direction RIGHT_TO_LEFT; Engine S03 allows direction","LEFT_TO_RIGHT;TOP_TO_BOTTOM;BOTTOM_TO_TOP","Wipe mask progression, not displacement"
"G06","BLUR","NONE","ENGINE_NO_DIRECTION","S03 Blur explicitly has no direction","NONE","Opacity + blur"
"G07","SUCCESSION","NONE","ENGINE_NO_DIRECTION","S03 Succession says direction is not required","NONE","Zoom/blur; choose stable no-direction token"
"G08","BREATHE","NONE","ENGINE_NO_DIRECTION","S03 Breathe explicitly no direction","NONE","Scale pulse"
"G09","BASELINE","","PROPOSED_ONLY","S03 bottom baseline default, top advanced, no exact JSON literal","FROM_BOTTOM;FROM_TOP","Vertical baseline orientation"
"G10","DRIFT","","PROPOSED_ONLY","S03 L/R/U/D/light diagonal, no exact JSON literals","FROM_LEFT;FROM_RIGHT;FROM_TOP;FROM_BOTTOM;DIAGONAL","Small drift start-side"
"G11","TECTONIC","","PROPOSED_ONLY","S03 horizontal default, vertical advanced; axis not direction","HORIZONTAL;VERTICAL","Do not conflate axis and travel direction"
"G12","TUMBLE","","PROPOSED_ONLY","S03 rotation sign CW/CCW plus entry side, no exact JSON literal","CLOCKWISE;COUNTERCLOCKWISE","One field may not capture entry side; ADR needed"
"G13","NEON","NONE","ENGINE_NO_DIRECTION","S03 Neon explicitly no direction","NONE","Flicker/glow"
"G14","SCRAPBOOK","","PROPOSED_ONLY","S03 tilt sign and optional entry side, no exact JSON literal","CLOCKWISE;COUNTERCLOCKWISE;FROM_LEFT;FROM_RIGHT","May need separate runtime style parameter"
"G15","STOMP","NONE","ENGINE_NO_DIRECTION","S03 Stomp explicitly no direction","NONE","Impact pulse"
