"catalog_id","preset_key","source_semantics","proposed_json_tokens","status","notes"
"R01","BRUSH","L_R;R_L;T_B;B_T;DIAGONAL","LEFT_TO_RIGHT;RIGHT_TO_LEFT;TOP_TO_BOTTOM;BOTTOM_TO_TOP;DIAGONAL","SOURCE_SEMANTIC_ONLY","Names and diagonal syntax require signoff"
"R02","INK","CENTER;LEFT;RIGHT;TOP;BOTTOM","CENTER;FROM_LEFT;FROM_RIGHT;FROM_TOP;FROM_BOTTOM","SOURCE_SEMANTIC_ONLY","Origin is not travel direction"
"R03","DIGITAL","L_R;R_L;T_B;B_T;RADIAL","LEFT_TO_RIGHT;RIGHT_TO_LEFT;TOP_TO_BOTTOM;BOTTOM_TO_TOP;RADIAL","SOURCE_SEMANTIC_ONLY","Discrete grid"
"R04","SPRAY_PAINT","UNIFORM;SWEEP;BURST","UNIFORM;LEFT_TO_RIGHT;RIGHT_TO_LEFT;ORIGIN_BURST","SOURCE_SEMANTIC_ONLY","Burst semantics need explicit registry"
"R05","SKETCH","DIAGONAL;REVERSE","DIAGONAL_TL_BR;DIAGONAL_BR_TL","SOURCE_SEMANTIC_ONLY","Angle policy unresolved"
"R06","GRADIENT","L_R;R_L;T_B;B_T;OPTIONAL_DIAGONAL","LEFT_TO_RIGHT;RIGHT_TO_LEFT;TOP_TO_BOTTOM;BOTTOM_TO_TOP","SOURCE_SEMANTIC_ONLY","Diagonal explicitly optional"
"G01","RISE","UP;DOWN","FROM_BOTTOM;FROM_TOP","SOURCE_SEMANTIC_ONLY","Entry orientation vs outgoing behavior"
"G02","PAN","L;R;U;D","FROM_LEFT;FROM_RIGHT;FROM_TOP;FROM_BOTTOM","SOURCE_SEMANTIC_ONLY","Start side and movement direction differ"
"G03","FADE","NONE","NONE","SOURCE_CLEAR_TOKEN","No spatial direction"
"G04","POP","NONE","NONE","SOURCE_SEMANTIC_ONLY","No directional motion"
"G05","WIPE","L;R;U;D","LEFT_TO_RIGHT;RIGHT_TO_LEFT;TOP_TO_BOTTOM;BOTTOM_TO_TOP","SOURCE_SEMANTIC_ONLY","Mask edge progression"
"G06","BLUR","NONE","NONE","SOURCE_SEMANTIC_ONLY","No spatial direction"
"G07","SUCCESSION","NONE","NONE","SOURCE_SEMANTIC_ONLY","Zoom/blur profile"
"G08","BREATHE","NONE","NONE","SOURCE_SEMANTIC_ONLY","Scale amplitude"
"G09","BASELINE","UP;DOWN","FROM_BOTTOM;FROM_TOP","SOURCE_SEMANTIC_ONLY","Baseline upward default"
"G10","DRIFT","L;R;U;D;DIAGONAL","FROM_LEFT;FROM_RIGHT;FROM_TOP;FROM_BOTTOM;DIAGONAL","SOURCE_SEMANTIC_ONLY","Small translation"
"G11","TECTONIC","HORIZONTAL;VERTICAL","HORIZONTAL;VERTICAL","SOURCE_SEMANTIC_ONLY","Axis not direction"
"G12","TUMBLE","CW;CCW","CLOCKWISE;COUNTERCLOCKWISE","SOURCE_SEMANTIC_ONLY","Rotation sign plus entry side"
"G13","NEON","NONE","NONE","SOURCE_SEMANTIC_ONLY","Flicker/glow"
"G14","SCRAPBOOK","CW;CCW;LEFT;RIGHT","CLOCKWISE;COUNTERCLOCKWISE;FROM_LEFT;FROM_RIGHT","SOURCE_SEMANTIC_ONLY","Tilt sign and entry side separate"
"G15","STOMP","NONE","NONE","SOURCE_SEMANTIC_ONLY","Impact scale"
