"file","sha256_local_approved","git_blob_sha1_verified","size_bytes","geometry_or_docx","verification"
"UI01.png","90fd1701fa321bb9b426f2d9e3203e9a997409efaec0099cf227c301f57f9891","3005213c007e9ae7a3de41eacffa952f5c37adb1","1751638","1920x1080","EXACT_MATCH_GITHUB_AND_ORIGINAL"
"UI02.png","248c37a5640110d99560c5af42d315f6c02797e0543111dafc022c181b3e31f6","137d0e50fbcb4ff15038e2cd8b0a543d8546edc6","1565837","1672x941","EXACT_MATCH_GITHUB_AND_ORIGINAL"
"UI03.png","9f02fda5a8932bfd7b896538a088ef9b793c7129c58a65ac842f9a0567f99d72","03fc2a2119a9e9f0fbb51475f108ce577b9e76d3","1476927","1672x941","EXACT_MATCH_GITHUB_AND_ORIGINAL"
"UI04.png","3087636c57898d7dbf1305826638b2a62eef65202fd01fc82a976ac63d9de148","dabba63c1ec96958b9060e064bb52dd4bd8b9552","1447622","1672x941","EXACT_MATCH_GITHUB_AND_ORIGINAL"
"UI05.png","a4f71751560b6a94297b66e01b684c108e151c2d4b54bb3aedaff9c35863e84d","c063265fda4e7e82267fa3902ef08c4e16fb6ac8","1539156","1672x941","EXACT_MATCH_GITHUB_AND_ORIGINAL"
"UI06.png","5921afa0df456c6705683c0390d6aa1e6fc6f442dec27b851f50abd4185abfc8","535a55a1665a3cfccc290074e898a363025b6de6","1995023","1920x1080","EXACT_MATCH_GITHUB_AND_ORIGINAL"
"UI07.png","de3bfe6f3a9c2ec32798ce8717db050589e8e66b5e36bca39395e062b77a0a8b","3b657fcbe4839aa5a83b62b6d2d70b72b58575f0","1668847","1672x941","EXACT_MATCH_GITHUB_AND_ORIGINAL"
"UI08.png","0072b8871246f4c452f3ab5aafffd72eaa70e0dee95048076ecdea779b80d8df","a54e70f0fbadf2ee5f2c7d326d92baf0ef47c4ad","1574881","1672x941","EXACT_MATCH_GITHUB_AND_ORIGINAL"
"UI09.png","4070a4f0c85be590c80d4c49202016687c195ebdfe924de65c088a37c1175255","c079d1344e4074b1529000c402033421af4d8450","1717885","1672x941","EXACT_MATCH_GITHUB_AND_ORIGINAL"
"UI10.png","7d740e11c10ab09633629298319b4b59154801941bbf519aa5a759f600d1c6ce","b6b11073c1e7bb92e5fcada7c5c5cd19affac7c6","1694145","1672x941","EXACT_MATCH_GITHUB_AND_ORIGINAL"
"UI11.png","0a24bc26b5cb294680d392fc336575c277789a2d80fabd07fc7bc8636313403a","46f80124298cab30814bcf03527faab607fb8e3c","1755217","1672x941","EXACT_MATCH_GITHUB_AND_ORIGINAL"
"UI12.png","387cede6111d8be59ec6419ec704ab51eb4a62d359c5370dafbaf445b46adb33","edadc47754d1b5faff4133a6dd5342f1a2cd9fda","1472625","1672x941","EXACT_MATCH_GITHUB_AND_ORIGINAL"
"UI_REFERENCE_FINAL.docx","a922ba42013d63352605dd22080a00afd081618f78f1ed8879254d81be724ccd","21a5ed3e89e894857d3f7167f01017fc34d56141","18116593","13 pages / 12 embedded original PNG","EXACT_MATCH_GITHUB_AND_ORIGINAL"
