"screen_id","file","width","height","sha256","owner_approval","qa_status"
"UI01","UI01.png","1920","1080","90fd1701fa321bb9b426f2d9e3203e9a997409efaec0099cf227c301f57f9891","EXPLICIT_APPROVED_2026_10_09","SESUAI_SUBSTANSI"
"UI02","UI02.png","1672","941","248c37a5640110d99560c5af42d315f6c02797e0543111dafc022c181b3e31f6","EXPLICIT_APPROVED_2026_10_09","SESUAI_SUBSTANSI"
"UI03","UI03.png","1672","941","9f02fda5a8932bfd7b896538a088ef9b793c7129c58a65ac842f9a0567f99d72","EXPLICIT_APPROVED_2026_10_09","SESUAI_SUBSTANSI"
"UI04","UI04.png","1672","941","3087636c57898d7dbf1305826638b2a62eef65202fd01fc82a976ac63d9de148","EXPLICIT_APPROVED_2026_10_09","SESUAI_SUBSTANSI"
"UI05","UI05.png","1672","941","a4f71751560b6a94297b66e01b684c108e151c2d4b54bb3aedaff9c35863e84d","EXPLICIT_APPROVED_2026_10_09","SESUAI_SUBSTANSI"
"UI06","UI06.png","1920","1080","5921afa0df456c6705683c0390d6aa1e6fc6f442dec27b851f50abd4185abfc8","EXPLICIT_APPROVED_2026_10_09","SESUAI_SUBSTANSI"
"UI07","UI07.png","1672","941","de3bfe6f3a9c2ec32798ce8717db050589e8e66b5e36bca39395e062b77a0a8b","EXPLICIT_APPROVED_2026_10_09","SESUAI_SUBSTANSI"
"UI08","UI08.png","1672","941","0072b8871246f4c452f3ab5aafffd72eaa70e0dee95048076ecdea779b80d8df","EXPLICIT_APPROVED_2026_10_09","CATATAN_ILUSTRASI"
"UI09","UI09.png","1672","941","4070a4f0c85be590c80d4c49202016687c195ebdfe924de65c088a37c1175255","EXPLICIT_APPROVED_2026_10_09","CATATAN_ILUSTRASI"
"UI10","UI10.png","1672","941","7d740e11c10ab09633629298319b4b59154801941bbf519aa5a759f600d1c6ce","EXPLICIT_APPROVED_2026_10_09","CATATAN_ILUSTRASI"
"UI11","UI11.png","1672","941","0a24bc26b5cb294680d392fc336575c277789a2d80fabd07fc7bc8636313403a","EXPLICIT_APPROVED_2026_10_09","CATATAN_ILUSTRASI"
"UI12","UI12.png","1672","941","387cede6111d8be59ec6419ec704ab51eb4a62d359c5370dafbaf445b46adb33","EXPLICIT_APPROVED_2026_10_09","SESUAI_SUBSTANSI"
